<?xml version="1.0" encoding="UTF-8" ?>
<!--
 * IBM Confidential
 *
 * OCO Source Materials
 *
 * 5737-M60, 5737-M66
 *
 * (C) COPYRIGHT IBM CORP. 2009-2021
 *
 * The source code for this program is not published or otherwise
 * divested of its trade secrets, irrespective of what has been
 * deposited with the U.S. Copyright Office.
-->
<product>
	<name>IBM Maximo BIM Extensions Autodesk Forge viewer plug-in</name>
	<version>
		<major>9</major>
		<minor>0</minor>
		<modlevel>0</modlevel>
		<patch>0</patch>
		<build>20250805-1437</build>
	</version>
	<dbmaxvarname>BIMLMV</dbmaxvarname>
	<dbscripts>bimlmv</dbscripts>
	<dbversion>V9000-13</dbversion>
	<lastdbversion>V7606-00*V7606-09*V7607-04*V7608-02*V7609-01*V7612-01*V7621-04*V8000-02*V8300-01*V8600-03</lastdbversion>
	<excludepatch>1</excludepatch>
</product>
